date,product_id,category,sales,quantity,customer_age,region,satisfaction_score
2024-01-01 00:00:00,P004,Books,92.07,8,73,North,4.1
2024-01-01 01:00:00,P005,Books,61.24,11,63,East,3.6
2024-01-01 02:00:00,P003,Books,321.85,1,20,West,4.3
2024-01-01 03:00:00,P005,Books,356.17,7,27,South,4.9
2024-01-01 04:00:00,P005,Books,25.48,17,55,North,2.9
2024-01-01 05:00:00,P002,Electronics,468.74,10,18,West,1.3
2024-01-01 06:00:00,P003,Books,35.47,11,72,South,1.2
2024-01-01 07:00:00,P003,Electronics,275.24,9,73,West,2.2
2024-01-01 08:00:00,P003,Books,357.44,9,44,North,4.7
2024-01-01 09:00:00,P005,Food,436.77,5,63,North,3.1
2024-01-01 10:00:00,P004,Clothing,359.9,17,25,West,2.1
2024-01-01 11:00:00,P003,Electronics,402.85,9,68,East,2.6
2024-01-01 12:00:00,P005,Books,176.33,17,63,West,3.4
2024-01-01 13:00:00,P002,Food,409.26,19,59,South,3.6
2024-01-01 14:00:00,P004,Clothing,49.26,7,34,East,1.6
2024-01-01 15:00:00,P002,Electronics,448.46,9,26,South,4.9
2024-01-01 16:00:00,P004,Clothing,278.32,7,23,West,3.2
2024-01-01 17:00:00,P005,Food,410.48,13,60,East,1.5
2024-01-01 18:00:00,P001,Electronics,231.64,11,42,South,4.6
2024-01-01 19:00:00,P004,Clothing,325.35,14,56,West,1.3
2024-01-01 20:00:00,P002,Books,267.94,19,66,West,4.6
2024-01-01 21:00:00,P005,Electronics,368.48,11,45,East,5.0
2024-01-01 22:00:00,P004,Clothing,50.0,13,50,West,3.8
2024-01-01 23:00:00,P001,Food,39.57,14,71,North,4.1
2024-01-02 00:00:00,P001,Food,131.08,13,54,South,2.3
2024-01-02 01:00:00,P003,Electronics,88.18,1,26,South,4.8
2024-01-02 02:00:00,P003,Clothing,437.17,8,35,West,3.1
2024-01-02 03:00:00,P002,Electronics,117.41,12,73,West,3.9
2024-01-02 04:00:00,P004,Electronics,488.17,19,38,North,4.7
2024-01-02 05:00:00,P004,Clothing,175.08,12,19,East,4.9
2024-01-02 06:00:00,P003,Clothing,99.24,8,60,West,4.3
2024-01-02 07:00:00,P004,Books,396.95,8,55,West,2.2
2024-01-02 08:00:00,P004,Clothing,332.77,13,57,West,4.9
2024-01-02 09:00:00,P001,Food,254.12,12,53,West,3.5
2024-01-02 10:00:00,P003,Electronics,282.13,16,67,South,4.7
2024-01-02 11:00:00,P005,Electronics,362.41,1,60,West,3.7
2024-01-02 12:00:00,P003,Food,121.94,13,54,South,2.2
2024-01-02 13:00:00,P005,Clothing,498.2,7,32,West,2.5
2024-01-02 14:00:00,P001,Food,487.65,5,45,East,3.2
2024-01-02 15:00:00,P002,Food,328.66,8,35,North,4.2
2024-01-02 16:00:00,P004,Books,107.78,14,51,East,2.3
2024-01-02 17:00:00,P001,Food,343.31,13,39,West,3.3
2024-01-02 18:00:00,P004,Electronics,45.38,15,28,West,2.4
2024-01-02 19:00:00,P002,Food,25.02,17,74,West,4.3
2024-01-02 20:00:00,P002,Electronics,136.26,15,30,East,2.9
2024-01-02 21:00:00,P001,Electronics,236.69,18,21,West,1.3
2024-01-02 22:00:00,P002,Electronics,435.45,18,39,East,1.7
2024-01-02 23:00:00,P005,Clothing,366.31,2,24,South,1.2
2024-01-03 00:00:00,P002,Books,373.93,4,60,North,3.0
2024-01-03 01:00:00,P004,Electronics,218.49,1,71,North,1.4
2024-01-03 02:00:00,P004,Electronics,179.51,4,41,East,1.5
2024-01-03 03:00:00,P004,Clothing,191.81,18,21,South,4.8
2024-01-03 04:00:00,P004,Electronics,493.95,5,45,East,4.5
2024-01-03 05:00:00,P005,Food,29.65,19,32,South,2.8
2024-01-03 06:00:00,P003,Food,434.85,15,18,West,4.9
2024-01-03 07:00:00,P001,Books,293.55,8,72,South,1.0
2024-01-03 08:00:00,P004,Electronics,224.92,17,20,South,3.5
2024-01-03 09:00:00,P002,Clothing,365.38,1,31,South,3.5
2024-01-03 10:00:00,P004,Food,248.47,12,55,North,2.8
2024-01-03 11:00:00,P002,Clothing,437.98,19,67,South,2.6
2024-01-03 12:00:00,P002,Clothing,451.34,15,74,West,2.8
2024-01-03 13:00:00,P004,Food,216.64,9,18,West,2.7
2024-01-03 14:00:00,P005,Clothing,145.65,7,55,West,3.9
2024-01-03 15:00:00,P002,Food,300.25,2,55,South,1.5
2024-01-03 16:00:00,P002,Clothing,457.06,9,38,East,1.8
2024-01-03 17:00:00,P004,Food,113.22,10,65,East,1.7
2024-01-03 18:00:00,P002,Electronics,315.25,2,46,West,2.0
2024-01-03 19:00:00,P002,Books,319.46,19,22,North,3.1
2024-01-03 20:00:00,P004,Food,369.23,11,66,East,1.4
2024-01-03 21:00:00,P004,Food,74.47,13,27,South,4.5
2024-01-03 22:00:00,P001,Books,360.75,10,45,East,2.2
2024-01-03 23:00:00,P005,Food,455.43,14,38,West,1.7
2024-01-04 00:00:00,P005,Food,98.04,18,67,North,3.7
2024-01-04 01:00:00,P002,Clothing,126.4,19,24,East,1.2
2024-01-04 02:00:00,P005,Books,485.98,9,20,East,3.5
2024-01-04 03:00:00,P002,Electronics,98.68,7,62,West,3.8
2024-01-04 04:00:00,P001,Food,428.65,3,64,North,1.9
2024-01-04 05:00:00,P004,Books,251.22,6,37,North,1.2
2024-01-04 06:00:00,P004,Clothing,131.14,2,36,West,2.5
2024-01-04 07:00:00,P004,Electronics,436.67,6,52,South,1.4
2024-01-04 08:00:00,P005,Books,228.2,3,21,East,1.5
2024-01-04 09:00:00,P001,Electronics,262.26,16,22,South,2.0
2024-01-04 10:00:00,P005,Electronics,186.02,8,18,East,2.2
2024-01-04 11:00:00,P005,Electronics,300.55,2,21,East,3.1
2024-01-04 12:00:00,P001,Food,90.13,17,29,South,3.7
2024-01-04 13:00:00,P001,Food,201.63,9,44,West,3.4
2024-01-04 14:00:00,P001,Clothing,485.01,12,73,West,1.6
2024-01-04 15:00:00,P001,Clothing,136.49,3,59,East,1.7
2024-01-04 16:00:00,P004,Books,331.8,11,40,West,4.5
2024-01-04 17:00:00,P003,Clothing,169.34,1,42,East,3.2
2024-01-04 18:00:00,P003,Electronics,389.0,13,38,West,4.5
2024-01-04 19:00:00,P001,Electronics,74.13,15,69,East,2.5
2024-01-04 20:00:00,P003,Food,485.21,5,41,West,3.5
2024-01-04 21:00:00,P003,Electronics,232.36,17,42,North,3.1
2024-01-04 22:00:00,P001,Books,125.66,6,62,South,2.3
2024-01-04 23:00:00,P003,Electronics,46.01,11,72,North,2.9
2024-01-05 00:00:00,P005,Electronics,93.18,18,63,South,3.0
2024-01-05 01:00:00,P002,Books,264.69,4,49,South,1.8
2024-01-05 02:00:00,P002,Clothing,175.13,3,72,East,2.3
2024-01-05 03:00:00,P001,Clothing,416.15,13,49,South,4.2
2024-01-05 04:00:00,P004,Books,221.13,9,22,North,4.7
2024-01-05 05:00:00,P001,Food,131.87,6,53,North,2.4
2024-01-05 06:00:00,P004,Electronics,312.4,12,63,West,2.2
2024-01-05 07:00:00,P002,Books,356.32,2,59,North,1.8
2024-01-05 08:00:00,P001,Electronics,91.85,3,66,West,3.7
2024-01-05 09:00:00,P005,Food,92.13,3,59,South,2.3
2024-01-05 10:00:00,P003,Electronics,27.97,12,56,North,5.0
2024-01-05 11:00:00,P004,Books,370.84,15,33,South,2.3
2024-01-05 12:00:00,P003,Electronics,335.26,9,50,North,2.6
2024-01-05 13:00:00,P003,Clothing,242.57,8,66,North,3.4
2024-01-05 14:00:00,P001,Food,423.64,11,38,West,4.2
2024-01-05 15:00:00,P003,Food,404.78,16,26,South,2.9
2024-01-05 16:00:00,P005,Food,296.82,4,23,North,2.7
2024-01-05 17:00:00,P003,Books,435.45,1,68,East,5.0
2024-01-05 18:00:00,P001,Food,110.86,7,62,South,1.0
2024-01-05 19:00:00,P005,Clothing,64.84,2,52,South,4.6
2024-01-05 20:00:00,P002,Books,142.18,5,56,South,1.6
2024-01-05 21:00:00,P003,Clothing,37.97,7,39,West,4.1
2024-01-05 22:00:00,P001,Electronics,270.27,4,58,East,3.5
2024-01-05 23:00:00,P002,Electronics,468.94,5,71,South,2.4
2024-01-06 00:00:00,P002,Electronics,29.28,1,22,North,4.5
2024-01-06 01:00:00,P004,Electronics,69.83,1,59,North,1.1
2024-01-06 02:00:00,P005,Clothing,231.58,15,40,West,1.9
2024-01-06 03:00:00,P003,Books,467.6,19,34,North,3.3
2024-01-06 04:00:00,P001,Books,164.92,10,29,South,2.4
2024-01-06 05:00:00,P004,Food,258.55,18,40,North,3.4
2024-01-06 06:00:00,P005,Clothing,30.37,3,33,South,1.1
2024-01-06 07:00:00,P004,Electronics,82.69,11,20,North,1.5
2024-01-06 08:00:00,P005,Clothing,493.45,15,47,East,1.5
2024-01-06 09:00:00,P005,Food,482.91,11,74,West,1.8
2024-01-06 10:00:00,P003,Food,12.42,17,39,West,2.8
2024-01-06 11:00:00,P005,Clothing,476.39,17,26,East,4.0
2024-01-06 12:00:00,P004,Clothing,323.17,6,46,East,4.6
2024-01-06 13:00:00,P005,Clothing,435.28,5,64,West,4.3
2024-01-06 14:00:00,P003,Books,232.82,8,54,East,1.8
2024-01-06 15:00:00,P003,Electronics,262.64,2,40,South,2.8
2024-01-06 16:00:00,P004,Clothing,249.53,16,30,North,1.8
2024-01-06 17:00:00,P002,Clothing,336.76,12,49,West,2.1
2024-01-06 18:00:00,P002,Clothing,78.43,6,63,East,3.0
2024-01-06 19:00:00,P005,Food,24.69,1,69,South,1.3
2024-01-06 20:00:00,P001,Food,160.89,4,64,West,1.9
2024-01-06 21:00:00,P005,Books,355.29,17,65,East,4.7
2024-01-06 22:00:00,P004,Electronics,108.91,13,40,West,2.9
2024-01-06 23:00:00,P004,Books,339.98,18,62,East,2.8
2024-01-07 00:00:00,P004,Electronics,485.26,5,34,West,1.1
2024-01-07 01:00:00,P004,Food,56.01,3,72,South,2.0
2024-01-07 02:00:00,P004,Food,339.58,11,57,South,4.5
2024-01-07 03:00:00,P003,Food,227.44,13,38,North,1.7
2024-01-07 04:00:00,P002,Books,435.39,4,19,West,2.7
2024-01-07 05:00:00,P004,Clothing,96.8,14,54,North,1.1
2024-01-07 06:00:00,P001,Clothing,349.39,11,23,West,2.9
2024-01-07 07:00:00,P001,Food,420.68,10,61,East,1.1
2024-01-07 08:00:00,P001,Clothing,472.86,19,35,East,4.3
2024-01-07 09:00:00,P001,Clothing,344.79,18,47,North,4.3
2024-01-07 10:00:00,P003,Books,253.62,6,39,West,4.2
2024-01-07 11:00:00,P001,Electronics,312.75,15,71,North,2.1
2024-01-07 12:00:00,P004,Food,435.76,10,50,South,4.3
2024-01-07 13:00:00,P005,Food,289.6,5,47,North,3.2
2024-01-07 14:00:00,P001,Books,24.89,5,34,North,2.5
2024-01-07 15:00:00,P003,Books,466.16,10,60,East,3.5
2024-01-07 16:00:00,P003,Clothing,347.87,5,49,North,1.0
2024-01-07 17:00:00,P001,Food,341.49,3,59,West,1.6
2024-01-07 18:00:00,P005,Electronics,115.68,6,68,East,4.0
2024-01-07 19:00:00,P001,Books,332.85,4,31,North,2.0
2024-01-07 20:00:00,P003,Electronics,202.99,18,27,South,3.4
2024-01-07 21:00:00,P002,Electronics,329.1,9,64,North,2.5
2024-01-07 22:00:00,P004,Food,62.23,17,68,North,4.4
2024-01-07 23:00:00,P003,Food,332.34,13,53,North,4.8
2024-01-08 00:00:00,P001,Books,499.71,15,51,East,4.5
2024-01-08 01:00:00,P004,Food,33.62,17,26,West,2.1
2024-01-08 02:00:00,P001,Food,488.82,13,59,South,1.8
2024-01-08 03:00:00,P001,Food,209.38,16,45,North,2.9
2024-01-08 04:00:00,P002,Electronics,436.67,4,28,West,1.0
2024-01-08 05:00:00,P004,Books,393.37,5,31,West,1.1
2024-01-08 06:00:00,P004,Clothing,287.84,5,56,East,3.2
2024-01-08 07:00:00,P002,Electronics,371.84,9,72,South,3.1
2024-01-08 08:00:00,P003,Food,440.47,17,64,East,5.0
2024-01-08 09:00:00,P001,Electronics,208.03,13,71,West,1.8
2024-01-08 10:00:00,P005,Food,170.25,2,36,West,2.0
2024-01-08 11:00:00,P001,Food,337.12,13,71,West,1.5
2024-01-08 12:00:00,P001,Electronics,405.84,19,32,East,4.7
2024-01-08 13:00:00,P003,Books,383.52,3,45,South,4.1
2024-01-08 14:00:00,P001,Food,400.93,10,41,North,4.3
2024-01-08 15:00:00,P002,Books,223.44,2,25,East,4.6
2024-01-08 16:00:00,P002,Clothing,410.74,13,60,West,3.1
2024-01-08 17:00:00,P004,Food,68.9,19,26,East,2.8
2024-01-08 18:00:00,P005,Books,276.8,17,64,West,2.3
2024-01-08 19:00:00,P001,Books,12.82,14,50,North,3.4
2024-01-08 20:00:00,P001,Clothing,169.05,12,50,North,2.8
2024-01-08 21:00:00,P003,Books,189.57,12,36,South,2.8
2024-01-08 22:00:00,P002,Books,204.12,11,20,West,4.7
2024-01-08 23:00:00,P005,Clothing,350.78,7,27,South,4.9
2024-01-09 00:00:00,P004,Food,200.39,4,57,South,4.2
2024-01-09 01:00:00,P002,Books,229.86,19,64,North,4.0
2024-01-09 02:00:00,P004,Books,126.4,1,59,East,3.7
2024-01-09 03:00:00,P003,Books,192.89,3,18,East,1.7
2024-01-09 04:00:00,P003,Electronics,121.36,13,46,South,1.2
2024-01-09 05:00:00,P001,Clothing,45.87,15,67,North,3.8
2024-01-09 06:00:00,P005,Electronics,305.69,2,51,West,3.9
2024-01-09 07:00:00,P004,Clothing,337.42,11,68,East,1.2
2024-01-09 08:00:00,P002,Food,313.55,4,30,South,4.7
2024-01-09 09:00:00,P003,Food,237.11,19,71,East,1.4
2024-01-09 10:00:00,P001,Books,196.1,17,18,East,2.1
2024-01-09 11:00:00,P001,Clothing,433.03,3,51,West,3.7
2024-01-09 12:00:00,P004,Food,264.35,18,46,North,1.7
2024-01-09 13:00:00,P003,Clothing,244.8,8,65,West,1.2
2024-01-09 14:00:00,P005,Food,22.56,19,64,North,2.3
2024-01-09 15:00:00,P003,Electronics,177.21,5,30,East,4.1
2024-01-09 16:00:00,P004,Food,196.3,7,65,South,2.7
2024-01-09 17:00:00,P004,Electronics,205.42,8,66,West,3.6
2024-01-09 18:00:00,P003,Food,294.28,5,70,North,3.3
2024-01-09 19:00:00,P004,Books,271.47,17,46,East,1.1
2024-01-09 20:00:00,P003,Electronics,307.87,5,56,North,5.0
2024-01-09 21:00:00,P002,Food,384.79,4,41,North,1.2
2024-01-09 22:00:00,P003,Books,408.36,19,43,North,4.9
2024-01-09 23:00:00,P003,Electronics,361.88,2,34,East,3.2
2024-01-10 00:00:00,P004,Books,478.21,11,24,South,4.9
2024-01-10 01:00:00,P004,Clothing,18.93,13,30,South,1.5
2024-01-10 02:00:00,P001,Clothing,105.93,15,22,South,3.0
2024-01-10 03:00:00,P001,Electronics,13.71,12,43,North,1.7
2024-01-10 04:00:00,P002,Food,327.26,11,66,East,1.2
2024-01-10 05:00:00,P001,Electronics,450.03,7,20,North,3.5
2024-01-10 06:00:00,P003,Books,129.31,5,24,South,1.8
2024-01-10 07:00:00,P004,Food,464.25,17,66,South,3.4
2024-01-10 08:00:00,P001,Clothing,39.53,9,56,East,1.4
2024-01-10 09:00:00,P001,Food,467.87,14,70,North,2.3
2024-01-10 10:00:00,P002,Clothing,182.3,12,18,West,4.1
2024-01-10 11:00:00,P002,Food,59.7,6,66,West,2.7
2024-01-10 12:00:00,P003,Food,248.08,17,34,South,3.5
2024-01-10 13:00:00,P004,Food,135.82,19,60,East,3.6
2024-01-10 14:00:00,P002,Books,149.59,19,42,North,4.4
2024-01-10 15:00:00,P001,Books,160.57,16,20,North,2.3
2024-01-10 16:00:00,P004,Electronics,403.48,12,32,South,3.7
2024-01-10 17:00:00,P004,Electronics,274.19,12,46,South,4.8
2024-01-10 18:00:00,P001,Clothing,162.54,6,70,North,3.9
2024-01-10 19:00:00,P002,Books,309.06,4,60,North,3.0
2024-01-10 20:00:00,P001,Clothing,360.91,6,49,South,3.5
2024-01-10 21:00:00,P004,Electronics,143.59,11,43,North,4.0
2024-01-10 22:00:00,P005,Clothing,212.64,1,33,West,3.4
2024-01-10 23:00:00,P005,Electronics,69.72,15,42,South,1.1
2024-01-11 00:00:00,P003,Books,98.76,11,71,North,1.8
2024-01-11 01:00:00,P001,Food,343.75,19,45,South,4.2
2024-01-11 02:00:00,P001,Books,98.9,18,26,East,2.1
2024-01-11 03:00:00,P003,Clothing,267.33,17,73,South,3.9
2024-01-11 04:00:00,P003,Clothing,357.43,19,73,South,2.5
2024-01-11 05:00:00,P003,Books,62.37,14,18,East,3.1
2024-01-11 06:00:00,P004,Books,287.98,18,46,West,1.3
2024-01-11 07:00:00,P001,Electronics,135.72,19,74,North,1.7
2024-01-11 08:00:00,P004,Clothing,481.83,15,39,East,4.8
2024-01-11 09:00:00,P003,Clothing,246.94,15,33,South,4.6
2024-01-11 10:00:00,P001,Books,404.94,4,58,North,3.6
2024-01-11 11:00:00,P004,Food,279.61,7,68,East,2.8
2024-01-11 12:00:00,P004,Clothing,31.27,13,61,North,3.7
2024-01-11 13:00:00,P003,Food,320.24,3,68,North,3.5
2024-01-11 14:00:00,P001,Books,476.19,16,71,East,3.3
2024-01-11 15:00:00,P003,Books,304.79,9,58,North,1.2
2024-01-11 16:00:00,P001,Electronics,411.4,8,24,West,3.5
2024-01-11 17:00:00,P005,Clothing,443.26,13,31,East,4.1
2024-01-11 18:00:00,P002,Food,121.76,17,46,West,5.0
2024-01-11 19:00:00,P002,Electronics,113.9,17,36,South,1.0
2024-01-11 20:00:00,P002,Clothing,309.38,17,36,North,3.9
2024-01-11 21:00:00,P003,Electronics,211.4,1,19,South,3.3
2024-01-11 22:00:00,P005,Books,421.53,8,58,South,2.7
2024-01-11 23:00:00,P001,Clothing,451.01,19,62,North,1.5
2024-01-12 00:00:00,P004,Electronics,183.18,6,32,East,2.6
2024-01-12 01:00:00,P001,Electronics,126.07,3,20,North,2.4
2024-01-12 02:00:00,P004,Food,392.46,5,28,South,2.2
2024-01-12 03:00:00,P001,Electronics,144.65,13,70,South,3.9
2024-01-12 04:00:00,P005,Clothing,413.08,15,63,East,3.8
2024-01-12 05:00:00,P004,Clothing,217.63,14,47,North,3.4
2024-01-12 06:00:00,P003,Food,337.1,16,74,South,4.8
2024-01-12 07:00:00,P001,Clothing,56.81,18,57,West,2.4
2024-01-12 08:00:00,P001,Books,315.69,11,35,South,2.0
2024-01-12 09:00:00,P004,Clothing,231.37,3,68,South,3.6
2024-01-12 10:00:00,P003,Clothing,297.44,10,65,East,1.8
2024-01-12 11:00:00,P003,Electronics,92.33,10,19,West,2.3
2024-01-12 12:00:00,P005,Electronics,371.07,16,49,South,1.9
2024-01-12 13:00:00,P003,Clothing,432.77,12,25,South,1.3
2024-01-12 14:00:00,P003,Food,116.2,2,39,West,4.3
2024-01-12 15:00:00,P003,Electronics,56.9,9,23,North,2.0
2024-01-12 16:00:00,P002,Food,21.58,3,29,North,2.9
2024-01-12 17:00:00,P005,Clothing,324.57,15,64,South,1.2
2024-01-12 18:00:00,P001,Clothing,307.48,3,74,South,3.8
2024-01-12 19:00:00,P004,Books,277.88,19,57,North,2.3
2024-01-12 20:00:00,P001,Electronics,123.65,18,53,East,4.0
2024-01-12 21:00:00,P005,Clothing,201.54,8,32,West,2.6
2024-01-12 22:00:00,P004,Books,301.29,17,45,West,1.8
2024-01-12 23:00:00,P005,Electronics,253.42,8,69,East,3.1
2024-01-13 00:00:00,P003,Clothing,494.01,7,74,East,1.5
2024-01-13 01:00:00,P004,Clothing,76.86,7,66,East,2.8
2024-01-13 02:00:00,P003,Electronics,350.62,3,62,East,2.3
2024-01-13 03:00:00,P001,Electronics,208.12,1,35,East,4.6
2024-01-13 04:00:00,P001,Electronics,219.82,4,19,East,1.2
2024-01-13 05:00:00,P004,Clothing,361.62,5,30,West,3.8
2024-01-13 06:00:00,P004,Clothing,349.29,1,62,East,1.7
2024-01-13 07:00:00,P005,Books,495.72,15,71,North,2.3
2024-01-13 08:00:00,P005,Food,72.91,5,32,East,2.7
2024-01-13 09:00:00,P003,Electronics,61.01,13,37,East,4.6
2024-01-13 10:00:00,P004,Clothing,364.93,8,46,West,2.0
2024-01-13 11:00:00,P001,Clothing,293.41,8,59,West,1.4
2024-01-13 12:00:00,P005,Electronics,144.34,5,46,East,2.3
2024-01-13 13:00:00,P005,Food,48.92,9,20,West,1.4
2024-01-13 14:00:00,P001,Electronics,51.97,1,36,South,1.5
2024-01-13 15:00:00,P005,Food,448.15,4,20,West,3.3
2024-01-13 16:00:00,P003,Clothing,104.01,3,71,West,1.2
2024-01-13 17:00:00,P004,Food,168.45,2,31,West,1.1
2024-01-13 18:00:00,P001,Books,121.06,8,57,West,3.9
2024-01-13 19:00:00,P004,Clothing,183.95,9,72,North,2.4
2024-01-13 20:00:00,P005,Books,44.02,2,21,North,1.5
2024-01-13 21:00:00,P005,Electronics,264.34,14,69,North,2.0
2024-01-13 22:00:00,P001,Electronics,43.13,14,28,East,3.6
2024-01-13 23:00:00,P003,Electronics,402.17,4,48,East,2.1
2024-01-14 00:00:00,P002,Food,124.52,6,60,South,3.0
2024-01-14 01:00:00,P001,Clothing,274.61,11,49,North,1.5
2024-01-14 02:00:00,P002,Electronics,441.24,3,44,East,3.4
2024-01-14 03:00:00,P002,Electronics,328.93,8,47,West,2.3
2024-01-14 04:00:00,P003,Clothing,271.15,3,60,West,3.5
2024-01-14 05:00:00,P002,Electronics,168.92,14,19,North,4.2
2024-01-14 06:00:00,P002,Books,173.17,13,66,South,3.4
2024-01-14 07:00:00,P003,Clothing,338.05,13,26,South,2.2
2024-01-14 08:00:00,P002,Clothing,497.13,2,45,West,2.0
2024-01-14 09:00:00,P002,Clothing,334.3,13,48,South,2.3
2024-01-14 10:00:00,P002,Books,283.31,19,51,North,1.7
2024-01-14 11:00:00,P001,Clothing,368.02,6,73,West,1.7
2024-01-14 12:00:00,P001,Books,237.95,16,32,East,4.2
2024-01-14 13:00:00,P001,Clothing,39.47,2,65,East,2.5
2024-01-14 14:00:00,P003,Food,285.53,8,42,South,2.7
2024-01-14 15:00:00,P005,Electronics,479.24,17,53,West,3.4
2024-01-14 16:00:00,P002,Food,95.9,2,25,West,3.4
2024-01-14 17:00:00,P002,Electronics,348.1,10,26,East,1.3
2024-01-14 18:00:00,P003,Books,108.46,16,54,West,4.3
2024-01-14 19:00:00,P002,Food,272.56,6,65,West,1.7
2024-01-14 20:00:00,P001,Clothing,57.37,2,62,West,3.9
2024-01-14 21:00:00,P005,Electronics,230.68,2,56,South,4.1
2024-01-14 22:00:00,P004,Electronics,380.52,13,49,West,3.9
2024-01-14 23:00:00,P002,Food,180.31,15,69,North,3.3
2024-01-15 00:00:00,P001,Books,335.81,2,34,South,1.1
2024-01-15 01:00:00,P004,Food,399.77,7,52,West,2.4
2024-01-15 02:00:00,P005,Books,464.32,3,54,West,3.4
2024-01-15 03:00:00,P004,Books,124.97,8,36,North,2.5
2024-01-15 04:00:00,P001,Electronics,205.66,14,61,South,4.5
2024-01-15 05:00:00,P004,Food,84.68,7,46,East,2.2
2024-01-15 06:00:00,P003,Food,496.32,7,24,East,2.2
2024-01-15 07:00:00,P004,Books,464.23,1,45,South,2.1
2024-01-15 08:00:00,P002,Food,274.58,17,26,West,2.3
2024-01-15 09:00:00,P002,Clothing,422.6,9,45,West,3.2
2024-01-15 10:00:00,P003,Clothing,265.27,13,23,East,3.8
2024-01-15 11:00:00,P001,Food,315.56,19,46,East,3.7
2024-01-15 12:00:00,P002,Food,53.67,19,34,East,4.2
2024-01-15 13:00:00,P005,Books,380.08,17,33,North,4.5
2024-01-15 14:00:00,P002,Clothing,72.58,10,40,East,4.3
2024-01-15 15:00:00,P002,Clothing,414.77,10,48,North,1.1
2024-01-15 16:00:00,P001,Electronics,393.19,4,20,South,3.9
2024-01-15 17:00:00,P004,Books,357.28,8,38,West,1.8
2024-01-15 18:00:00,P002,Electronics,27.72,18,43,East,1.5
2024-01-15 19:00:00,P003,Clothing,158.53,14,53,West,3.6
2024-01-15 20:00:00,P004,Books,138.93,18,59,West,2.3
2024-01-15 21:00:00,P005,Food,186.47,14,54,East,1.2
2024-01-15 22:00:00,P001,Books,52.94,15,70,East,1.6
2024-01-15 23:00:00,P005,Food,469.11,4,39,South,1.0
2024-01-16 00:00:00,P004,Food,281.36,13,59,North,4.6
2024-01-16 01:00:00,P004,Books,159.71,8,29,North,1.1
2024-01-16 02:00:00,P004,Food,204.52,18,59,West,1.8
2024-01-16 03:00:00,P005,Electronics,229.13,12,30,East,2.7
2024-01-16 04:00:00,P004,Clothing,304.29,14,28,South,2.4
2024-01-16 05:00:00,P005,Food,262.68,2,71,South,4.6
2024-01-16 06:00:00,P004,Electronics,460.5,18,33,South,1.2
2024-01-16 07:00:00,P003,Food,253.51,2,25,South,3.0
2024-01-16 08:00:00,P004,Clothing,496.16,11,57,South,3.7
2024-01-16 09:00:00,P005,Electronics,427.2,9,74,North,4.7
2024-01-16 10:00:00,P002,Clothing,112.17,12,57,North,3.5
2024-01-16 11:00:00,P004,Clothing,465.99,17,62,North,4.2
2024-01-16 12:00:00,P002,Electronics,67.02,15,19,East,1.3
2024-01-16 13:00:00,P003,Electronics,410.55,17,47,West,2.5
2024-01-16 14:00:00,P001,Electronics,196.51,18,47,South,2.5
2024-01-16 15:00:00,P003,Books,440.21,6,29,East,4.5
2024-01-16 16:00:00,P004,Electronics,435.35,17,27,South,1.6
2024-01-16 17:00:00,P002,Electronics,404.9,18,61,North,1.6
2024-01-16 18:00:00,P002,Electronics,397.11,8,28,East,2.3
2024-01-16 19:00:00,P005,Electronics,159.29,9,32,North,1.2
2024-01-16 20:00:00,P002,Food,49.65,6,33,South,1.7
2024-01-16 21:00:00,P005,Books,207.46,5,34,South,4.9
2024-01-16 22:00:00,P001,Clothing,95.03,12,43,West,2.7
2024-01-16 23:00:00,P004,Electronics,350.53,11,19,South,3.5
2024-01-17 00:00:00,P005,Food,179.59,1,67,North,3.9
2024-01-17 01:00:00,P001,Food,488.05,11,29,South,2.5
2024-01-17 02:00:00,P002,Food,324.08,19,68,West,1.6
2024-01-17 03:00:00,P002,Clothing,413.02,9,43,West,1.8
2024-01-17 04:00:00,P001,Electronics,74.94,2,40,North,2.3
2024-01-17 05:00:00,P002,Books,432.39,12,35,East,3.5
2024-01-17 06:00:00,P001,Books,462.15,4,49,South,2.6
2024-01-17 07:00:00,P005,Food,248.66,4,66,West,1.0
2024-01-17 08:00:00,P005,Clothing,307.06,18,55,South,3.1
2024-01-17 09:00:00,P001,Clothing,384.76,15,74,South,4.7
2024-01-17 10:00:00,P005,Clothing,95.67,19,64,East,4.2
2024-01-17 11:00:00,P005,Books,256.26,13,20,West,4.3
2024-01-17 12:00:00,P005,Food,205.34,19,55,South,4.2
2024-01-17 13:00:00,P003,Electronics,81.72,17,20,West,2.3
2024-01-17 14:00:00,P004,Books,190.09,6,47,North,4.1
2024-01-17 15:00:00,P002,Food,43.4,16,18,North,1.6
2024-01-17 16:00:00,P003,Food,22.65,12,47,South,3.6
2024-01-17 17:00:00,P005,Electronics,76.23,19,62,West,3.6
2024-01-17 18:00:00,P001,Electronics,481.93,5,49,South,1.1
2024-01-17 19:00:00,P005,Electronics,279.27,17,45,West,4.2
2024-01-17 20:00:00,P004,Clothing,483.25,1,38,West,4.6
2024-01-17 21:00:00,P005,Electronics,221.92,10,63,East,2.1
2024-01-17 22:00:00,P001,Food,162.79,15,30,East,4.2
2024-01-17 23:00:00,P004,Electronics,258.01,11,44,East,1.3
2024-01-18 00:00:00,P005,Food,225.36,13,53,South,3.4
2024-01-18 01:00:00,P004,Books,61.78,5,24,East,2.9
2024-01-18 02:00:00,P002,Clothing,324.0,1,39,East,3.2
2024-01-18 03:00:00,P002,Books,115.86,12,27,North,4.7
2024-01-18 04:00:00,P005,Books,313.6,11,56,West,4.5
2024-01-18 05:00:00,P004,Food,328.6,17,70,West,4.1
2024-01-18 06:00:00,P001,Books,84.49,4,32,East,2.1
2024-01-18 07:00:00,P005,Food,40.06,15,32,West,4.6
2024-01-18 08:00:00,P002,Electronics,392.57,9,21,North,1.4
2024-01-18 09:00:00,P002,Electronics,235.3,19,49,North,4.4
2024-01-18 10:00:00,P005,Food,38.5,19,40,East,2.3
2024-01-18 11:00:00,P004,Electronics,497.48,12,72,North,1.2
2024-01-18 12:00:00,P002,Clothing,38.31,5,23,West,3.7
2024-01-18 13:00:00,P004,Books,350.57,10,41,South,1.9
2024-01-18 14:00:00,P002,Clothing,492.0,17,37,West,2.0
2024-01-18 15:00:00,P002,Books,127.2,5,54,South,2.2
2024-01-18 16:00:00,P003,Electronics,79.7,16,37,East,1.3
2024-01-18 17:00:00,P002,Clothing,69.48,7,29,South,1.7
2024-01-18 18:00:00,P001,Electronics,158.6,9,50,North,1.0
2024-01-18 19:00:00,P005,Books,59.51,3,45,West,2.8
2024-01-18 20:00:00,P005,Food,349.16,15,25,South,1.3
2024-01-18 21:00:00,P004,Food,40.52,16,18,West,3.7
2024-01-18 22:00:00,P002,Clothing,259.62,18,54,East,1.9
2024-01-18 23:00:00,P001,Electronics,498.38,14,39,East,4.8
2024-01-19 00:00:00,P004,Electronics,408.85,3,23,North,4.5
2024-01-19 01:00:00,P003,Clothing,311.46,12,38,East,2.2
2024-01-19 02:00:00,P004,Food,160.06,9,49,South,4.1
2024-01-19 03:00:00,P004,Books,315.71,7,52,East,4.2
2024-01-19 04:00:00,P002,Clothing,268.25,9,32,North,4.9
2024-01-19 05:00:00,P003,Books,218.78,13,22,West,3.4
2024-01-19 06:00:00,P004,Food,74.05,18,73,West,1.3
2024-01-19 07:00:00,P001,Electronics,444.44,5,63,East,3.6
2024-01-19 08:00:00,P001,Food,230.39,13,67,South,3.5
2024-01-19 09:00:00,P005,Clothing,105.37,4,65,North,3.6
2024-01-19 10:00:00,P003,Electronics,190.2,2,23,South,2.2
2024-01-19 11:00:00,P003,Clothing,212.92,16,42,North,4.4
2024-01-19 12:00:00,P005,Clothing,415.49,9,73,East,4.8
2024-01-19 13:00:00,P004,Food,369.47,9,63,North,1.9
2024-01-19 14:00:00,P003,Clothing,386.96,6,73,North,1.4
2024-01-19 15:00:00,P001,Food,15.41,11,57,East,1.8
2024-01-19 16:00:00,P001,Electronics,213.92,1,46,South,4.3
2024-01-19 17:00:00,P002,Food,245.86,4,24,East,3.7
2024-01-19 18:00:00,P003,Electronics,19.4,13,57,North,3.5
2024-01-19 19:00:00,P004,Food,137.31,13,30,East,2.6
2024-01-19 20:00:00,P005,Books,382.54,13,55,North,3.3
2024-01-19 21:00:00,P005,Books,77.18,2,35,East,2.2
2024-01-19 22:00:00,P004,Clothing,272.3,9,19,West,2.9
2024-01-19 23:00:00,P002,Food,115.45,8,25,West,4.2
2024-01-20 00:00:00,P005,Food,15.94,7,28,East,4.9
2024-01-20 01:00:00,P003,Electronics,128.19,4,50,South,4.7
2024-01-20 02:00:00,P002,Clothing,488.18,18,71,North,4.7
2024-01-20 03:00:00,P003,Food,402.75,3,55,West,2.6
2024-01-20 04:00:00,P001,Clothing,480.19,6,65,South,2.9
2024-01-20 05:00:00,P002,Books,249.05,12,44,North,3.8
2024-01-20 06:00:00,P005,Food,63.77,12,37,West,4.7
2024-01-20 07:00:00,P002,Food,278.5,8,29,West,1.6
2024-01-20 08:00:00,P002,Clothing,232.64,1,60,East,2.2
2024-01-20 09:00:00,P002,Food,423.73,4,48,North,1.6
2024-01-20 10:00:00,P002,Clothing,58.06,11,44,South,3.4
2024-01-20 11:00:00,P003,Food,249.24,3,49,South,2.2
2024-01-20 12:00:00,P001,Electronics,83.52,13,27,South,2.3
2024-01-20 13:00:00,P004,Clothing,169.09,17,20,North,1.3
2024-01-20 14:00:00,P002,Food,371.3,10,62,South,2.4
2024-01-20 15:00:00,P005,Books,243.25,12,44,South,4.4
2024-01-20 16:00:00,P002,Food,194.19,15,52,South,1.9
2024-01-20 17:00:00,P005,Books,203.29,10,48,East,3.8
2024-01-20 18:00:00,P003,Books,235.13,14,32,East,3.5
2024-01-20 19:00:00,P005,Electronics,394.66,13,33,North,4.5
2024-01-20 20:00:00,P004,Clothing,447.12,5,30,North,1.5
2024-01-20 21:00:00,P001,Food,478.11,6,66,South,4.9
2024-01-20 22:00:00,P005,Electronics,395.58,2,52,East,3.3
2024-01-20 23:00:00,P005,Food,164.55,17,69,West,5.0
2024-01-21 00:00:00,P001,Books,347.19,4,28,West,4.6
2024-01-21 01:00:00,P004,Clothing,224.43,14,38,South,1.9
2024-01-21 02:00:00,P002,Food,134.79,10,68,South,1.2
2024-01-21 03:00:00,P005,Food,422.03,3,71,East,2.0
2024-01-21 04:00:00,P001,Books,28.83,3,28,East,3.1
2024-01-21 05:00:00,P003,Food,451.86,15,47,East,1.7
2024-01-21 06:00:00,P001,Food,236.12,6,65,North,1.7
2024-01-21 07:00:00,P003,Books,322.23,17,70,North,2.9
2024-01-21 08:00:00,P004,Electronics,333.08,12,52,South,1.1
2024-01-21 09:00:00,P002,Books,448.61,11,39,North,1.5
2024-01-21 10:00:00,P001,Electronics,321.97,4,55,East,2.7
2024-01-21 11:00:00,P005,Clothing,310.83,6,48,East,1.3
2024-01-21 12:00:00,P004,Electronics,42.66,1,31,North,2.6
2024-01-21 13:00:00,P001,Electronics,264.02,16,41,West,2.9
2024-01-21 14:00:00,P005,Clothing,83.58,15,67,South,2.8
2024-01-21 15:00:00,P001,Electronics,371.34,17,66,West,4.5
2024-01-21 16:00:00,P003,Books,260.99,8,49,South,3.1
2024-01-21 17:00:00,P001,Electronics,343.31,12,53,West,2.9
2024-01-21 18:00:00,P001,Clothing,30.42,10,49,North,2.6
2024-01-21 19:00:00,P001,Books,51.55,15,72,South,4.3
2024-01-21 20:00:00,P004,Clothing,361.0,9,32,South,4.6
2024-01-21 21:00:00,P001,Clothing,45.32,2,60,South,4.4
2024-01-21 22:00:00,P005,Food,44.92,5,52,East,3.7
2024-01-21 23:00:00,P003,Food,15.93,6,20,East,1.5
2024-01-22 00:00:00,P003,Clothing,478.69,7,33,West,2.1
2024-01-22 01:00:00,P001,Clothing,371.38,1,22,North,1.2
2024-01-22 02:00:00,P004,Clothing,183.09,7,38,East,4.7
2024-01-22 03:00:00,P004,Food,155.3,12,27,South,3.6
2024-01-22 04:00:00,P005,Food,181.35,16,36,East,4.0
2024-01-22 05:00:00,P001,Electronics,389.58,16,42,North,2.2
2024-01-22 06:00:00,P003,Electronics,334.07,11,21,East,4.4
2024-01-22 07:00:00,P004,Clothing,100.75,4,46,South,2.0
2024-01-22 08:00:00,P001,Books,95.31,13,36,West,1.0
2024-01-22 09:00:00,P004,Books,58.21,7,60,South,2.5
2024-01-22 10:00:00,P004,Food,333.55,4,19,North,3.3
2024-01-22 11:00:00,P003,Food,384.54,15,27,West,2.9
2024-01-22 12:00:00,P002,Food,139.87,19,60,East,4.4
2024-01-22 13:00:00,P005,Clothing,20.26,9,42,East,1.4
2024-01-22 14:00:00,P005,Books,50.26,11,37,East,3.2
2024-01-22 15:00:00,P003,Electronics,484.25,8,65,West,3.1
2024-01-22 16:00:00,P004,Clothing,154.77,1,36,South,2.1
2024-01-22 17:00:00,P001,Electronics,386.92,8,40,West,4.3
2024-01-22 18:00:00,P004,Electronics,316.09,13,41,West,4.0
2024-01-22 19:00:00,P003,Clothing,197.15,4,28,North,3.9
2024-01-22 20:00:00,P005,Electronics,110.79,8,63,West,4.5
2024-01-22 21:00:00,P004,Books,69.48,3,51,East,3.9
2024-01-22 22:00:00,P005,Electronics,311.36,9,72,South,1.9
2024-01-22 23:00:00,P001,Books,389.57,2,45,South,3.8
2024-01-23 00:00:00,P005,Books,325.51,2,22,South,2.2
2024-01-23 01:00:00,P005,Books,269.85,13,22,East,2.0
2024-01-23 02:00:00,P002,Food,30.56,15,68,East,1.3
2024-01-23 03:00:00,P002,Electronics,484.56,12,38,East,4.0
2024-01-23 04:00:00,P002,Clothing,401.37,4,29,East,3.8
2024-01-23 05:00:00,P005,Clothing,153.48,8,67,East,1.9
2024-01-23 06:00:00,P003,Electronics,490.19,9,21,West,4.0
2024-01-23 07:00:00,P005,Food,304.92,5,71,East,4.7
2024-01-23 08:00:00,P003,Food,295.39,18,66,East,1.4
2024-01-23 09:00:00,P003,Books,376.56,11,59,East,1.9
2024-01-23 10:00:00,P002,Electronics,407.77,15,37,East,4.0
2024-01-23 11:00:00,P004,Electronics,331.67,9,55,South,2.1
2024-01-23 12:00:00,P001,Clothing,72.77,17,42,East,3.5
2024-01-23 13:00:00,P002,Electronics,175.75,12,31,West,1.3
2024-01-23 14:00:00,P002,Food,464.76,7,28,West,2.8
2024-01-23 15:00:00,P004,Electronics,120.06,10,49,West,4.0
2024-01-23 16:00:00,P001,Clothing,192.36,10,28,North,3.7
2024-01-23 17:00:00,P005,Books,221.72,13,35,South,4.3
2024-01-23 18:00:00,P005,Clothing,225.31,19,44,East,4.5
2024-01-23 19:00:00,P002,Clothing,310.34,11,72,North,4.1
2024-01-23 20:00:00,P001,Books,472.11,13,71,East,3.7
2024-01-23 21:00:00,P002,Clothing,127.94,8,35,North,1.1
2024-01-23 22:00:00,P003,Clothing,69.54,8,73,North,3.1
2024-01-23 23:00:00,P002,Electronics,106.76,4,40,West,1.2
2024-01-24 00:00:00,P002,Electronics,444.59,15,28,West,4.2
2024-01-24 01:00:00,P005,Books,326.45,11,38,North,2.3
2024-01-24 02:00:00,P005,Electronics,150.09,11,61,West,3.2
2024-01-24 03:00:00,P005,Electronics,409.81,1,22,North,2.1
2024-01-24 04:00:00,P003,Clothing,432.07,17,40,South,4.1
2024-01-24 05:00:00,P005,Food,424.79,15,58,West,4.5
2024-01-24 06:00:00,P001,Electronics,460.27,6,42,West,2.6
2024-01-24 07:00:00,P004,Food,133.6,15,58,West,4.5
2024-01-24 08:00:00,P001,Electronics,379.97,9,71,South,2.1
2024-01-24 09:00:00,P001,Electronics,235.66,14,27,North,3.1
2024-01-24 10:00:00,P005,Books,422.58,18,39,East,4.4
2024-01-24 11:00:00,P004,Books,366.96,17,36,West,2.3
2024-01-24 12:00:00,P004,Books,390.46,18,18,North,4.8
2024-01-24 13:00:00,P004,Food,331.52,5,24,South,1.5
2024-01-24 14:00:00,P003,Clothing,96.94,9,21,East,1.1
2024-01-24 15:00:00,P005,Electronics,277.06,11,18,West,4.6
2024-01-24 16:00:00,P004,Electronics,492.49,1,32,South,1.3
2024-01-24 17:00:00,P003,Electronics,469.32,18,57,South,5.0
2024-01-24 18:00:00,P002,Food,31.16,6,29,East,4.8
2024-01-24 19:00:00,P002,Books,90.76,2,39,North,1.5
2024-01-24 20:00:00,P003,Clothing,74.55,15,39,West,3.2
2024-01-24 21:00:00,P003,Food,365.73,14,67,West,1.7
2024-01-24 22:00:00,P005,Books,410.71,5,64,North,2.7
2024-01-24 23:00:00,P005,Food,114.62,6,34,North,1.2
2024-01-25 00:00:00,P002,Clothing,257.87,6,46,North,1.9
2024-01-25 01:00:00,P004,Books,421.94,18,63,East,2.5
2024-01-25 02:00:00,P002,Food,369.07,14,31,East,2.8
2024-01-25 03:00:00,P004,Clothing,275.7,10,67,West,4.9
2024-01-25 04:00:00,P004,Electronics,299.27,14,37,East,4.2
2024-01-25 05:00:00,P005,Clothing,259.1,13,67,South,3.9
2024-01-25 06:00:00,P001,Electronics,155.8,3,65,West,3.1
2024-01-25 07:00:00,P001,Food,286.86,6,50,East,4.4
2024-01-25 08:00:00,P003,Books,347.55,8,72,North,2.4
2024-01-25 09:00:00,P005,Books,437.93,12,60,South,3.8
2024-01-25 10:00:00,P004,Food,321.78,13,32,North,5.0
2024-01-25 11:00:00,P001,Books,382.95,11,29,West,2.3
2024-01-25 12:00:00,P004,Books,88.44,12,57,North,3.7
2024-01-25 13:00:00,P001,Electronics,236.16,1,71,East,4.4
2024-01-25 14:00:00,P001,Food,14.57,17,37,East,4.7
2024-01-25 15:00:00,P001,Clothing,130.87,16,47,West,3.9
2024-01-25 16:00:00,P005,Electronics,365.97,11,55,North,2.1
2024-01-25 17:00:00,P002,Food,495.99,13,20,West,2.3
2024-01-25 18:00:00,P004,Electronics,58.6,18,45,North,1.1
2024-01-25 19:00:00,P005,Clothing,206.73,11,73,South,4.0
2024-01-25 20:00:00,P005,Clothing,402.03,12,43,East,1.2
2024-01-25 21:00:00,P005,Food,109.98,6,47,West,4.5
2024-01-25 22:00:00,P005,Clothing,281.99,9,30,South,1.5
2024-01-25 23:00:00,P005,Electronics,369.2,16,30,South,1.7
2024-01-26 00:00:00,P003,Clothing,311.83,4,19,West,2.9
2024-01-26 01:00:00,P004,Electronics,102.13,3,54,West,4.0
2024-01-26 02:00:00,P005,Electronics,184.14,16,66,South,1.6
2024-01-26 03:00:00,P004,Clothing,394.06,12,55,North,2.8
2024-01-26 04:00:00,P003,Food,281.57,11,19,South,2.9
2024-01-26 05:00:00,P003,Books,12.56,5,53,West,1.8
2024-01-26 06:00:00,P004,Clothing,382.89,18,71,South,1.5
2024-01-26 07:00:00,P001,Electronics,27.3,19,43,North,4.3
2024-01-26 08:00:00,P002,Electronics,375.41,6,28,East,3.0
2024-01-26 09:00:00,P001,Clothing,109.22,18,25,East,1.1
2024-01-26 10:00:00,P001,Food,479.46,6,61,South,4.2
2024-01-26 11:00:00,P001,Food,190.29,4,57,North,4.9
2024-01-26 12:00:00,P005,Electronics,170.2,12,60,East,3.4
2024-01-26 13:00:00,P003,Electronics,82.96,19,39,South,3.0
2024-01-26 14:00:00,P001,Food,159.75,2,37,South,4.5
2024-01-26 15:00:00,P003,Books,439.56,17,25,North,4.8
2024-01-26 16:00:00,P004,Clothing,498.2,11,46,West,4.0
2024-01-26 17:00:00,P002,Electronics,190.47,11,57,South,2.8
2024-01-26 18:00:00,P004,Electronics,229.82,16,43,West,3.4
2024-01-26 19:00:00,P004,Food,363.81,2,47,West,3.8
2024-01-26 20:00:00,P005,Clothing,444.24,2,34,East,1.8
2024-01-26 21:00:00,P002,Food,300.59,8,37,West,2.8
2024-01-26 22:00:00,P004,Clothing,201.85,13,69,North,4.3
2024-01-26 23:00:00,P004,Clothing,212.18,10,72,East,3.6
2024-01-27 00:00:00,P002,Clothing,350.85,8,33,East,2.6
2024-01-27 01:00:00,P002,Electronics,11.58,4,63,East,3.7
2024-01-27 02:00:00,P004,Books,313.6,15,60,South,1.5
2024-01-27 03:00:00,P002,Food,184.19,1,24,South,2.6
2024-01-27 04:00:00,P004,Books,399.16,11,33,West,4.2
2024-01-27 05:00:00,P004,Food,55.57,7,62,East,1.9
2024-01-27 06:00:00,P005,Clothing,298.22,17,64,East,1.7
2024-01-27 07:00:00,P001,Electronics,245.68,18,73,North,4.8
2024-01-27 08:00:00,P004,Books,324.74,12,65,West,1.8
2024-01-27 09:00:00,P003,Electronics,41.78,9,44,North,2.0
2024-01-27 10:00:00,P001,Food,294.19,5,70,West,4.9
2024-01-27 11:00:00,P001,Electronics,285.13,10,40,West,3.9
2024-01-27 12:00:00,P001,Electronics,284.72,4,41,South,3.8
2024-01-27 13:00:00,P005,Books,305.71,5,26,South,4.4
2024-01-27 14:00:00,P004,Clothing,341.47,10,52,North,1.5
2024-01-27 15:00:00,P005,Electronics,404.44,11,68,West,3.8
2024-01-27 16:00:00,P004,Clothing,142.21,10,37,East,3.0
2024-01-27 17:00:00,P005,Food,414.27,8,54,South,4.3
2024-01-27 18:00:00,P005,Electronics,254.15,2,59,East,3.0
2024-01-27 19:00:00,P003,Books,47.76,8,34,North,3.5
2024-01-27 20:00:00,P005,Food,38.69,16,64,South,2.9
2024-01-27 21:00:00,P002,Food,173.78,5,48,South,2.9
2024-01-27 22:00:00,P003,Books,394.6,3,72,West,4.1
2024-01-27 23:00:00,P005,Electronics,356.76,12,74,North,3.5
2024-01-28 00:00:00,P001,Electronics,396.42,13,25,West,3.5
2024-01-28 01:00:00,P002,Food,263.46,13,32,South,2.8
2024-01-28 02:00:00,P002,Electronics,225.7,10,48,North,3.1
2024-01-28 03:00:00,P002,Clothing,82.25,4,70,South,4.0
2024-01-28 04:00:00,P003,Books,170.81,9,47,North,4.3
2024-01-28 05:00:00,P005,Clothing,222.67,2,63,South,3.8
2024-01-28 06:00:00,P005,Electronics,53.41,19,37,East,4.7
2024-01-28 07:00:00,P001,Food,118.1,1,56,East,4.3
2024-01-28 08:00:00,P001,Books,303.13,7,70,West,3.2
2024-01-28 09:00:00,P002,Electronics,370.47,17,72,East,3.7
2024-01-28 10:00:00,P001,Electronics,499.19,3,29,South,4.7
2024-01-28 11:00:00,P003,Food,467.23,3,66,South,3.5
2024-01-28 12:00:00,P005,Food,324.86,3,34,East,4.3
2024-01-28 13:00:00,P002,Clothing,216.41,17,59,West,3.8
2024-01-28 14:00:00,P001,Books,321.73,7,47,East,3.2
2024-01-28 15:00:00,P003,Books,394.97,14,46,North,2.0
2024-01-28 16:00:00,P003,Food,67.98,17,36,North,2.7
2024-01-28 17:00:00,P001,Clothing,210.85,18,63,North,4.9
2024-01-28 18:00:00,P005,Books,421.5,13,28,East,3.6
2024-01-28 19:00:00,P001,Food,198.08,18,51,East,3.3
2024-01-28 20:00:00,P002,Electronics,290.22,4,67,East,4.7
2024-01-28 21:00:00,P001,Books,298.01,1,24,North,3.3
2024-01-28 22:00:00,P003,Clothing,100.39,18,61,West,3.1
2024-01-28 23:00:00,P001,Clothing,187.5,1,51,South,4.0
2024-01-29 00:00:00,P005,Clothing,173.91,13,37,East,3.9
2024-01-29 01:00:00,P004,Electronics,22.84,10,67,West,1.8
2024-01-29 02:00:00,P001,Books,21.85,11,55,South,2.9
2024-01-29 03:00:00,P005,Books,417.53,9,41,South,2.9
2024-01-29 04:00:00,P005,Electronics,143.8,9,27,South,2.5
2024-01-29 05:00:00,P003,Books,263.86,5,49,West,3.1
2024-01-29 06:00:00,P005,Electronics,156.38,1,69,West,2.7
2024-01-29 07:00:00,P005,Electronics,470.93,17,32,North,1.8
2024-01-29 08:00:00,P005,Electronics,137.06,2,54,West,2.6
2024-01-29 09:00:00,P005,Clothing,220.53,13,37,West,1.3
2024-01-29 10:00:00,P002,Books,437.64,9,20,West,3.3
2024-01-29 11:00:00,P002,Electronics,422.55,4,54,South,4.4
2024-01-29 12:00:00,P003,Books,101.19,5,74,East,3.9
2024-01-29 13:00:00,P001,Clothing,403.3,11,57,North,2.4
2024-01-29 14:00:00,P005,Electronics,234.51,19,25,East,1.3
2024-01-29 15:00:00,P001,Food,246.65,3,57,East,1.8
2024-01-29 16:00:00,P001,Clothing,75.41,12,61,West,3.2
2024-01-29 17:00:00,P003,Food,49.49,19,73,North,1.8
2024-01-29 18:00:00,P005,Books,366.69,19,40,East,3.2
2024-01-29 19:00:00,P005,Books,253.27,13,57,East,1.9
2024-01-29 20:00:00,P004,Clothing,224.06,7,28,North,4.4
2024-01-29 21:00:00,P001,Books,367.46,15,63,West,2.6
2024-01-29 22:00:00,P001,Food,385.1,7,25,East,2.0
2024-01-29 23:00:00,P002,Electronics,87.87,8,46,South,4.2
2024-01-30 00:00:00,P004,Electronics,309.01,5,47,East,2.4
2024-01-30 01:00:00,P002,Electronics,76.32,14,73,South,1.4
2024-01-30 02:00:00,P002,Clothing,378.17,4,27,West,3.3
2024-01-30 03:00:00,P002,Books,331.91,10,56,East,3.3
2024-01-30 04:00:00,P003,Food,478.74,15,45,North,3.9
2024-01-30 05:00:00,P003,Books,43.79,18,66,North,2.0
2024-01-30 06:00:00,P002,Books,37.96,13,53,East,2.8
2024-01-30 07:00:00,P004,Books,148.27,8,30,West,2.1
2024-01-30 08:00:00,P001,Electronics,138.24,9,49,West,1.3
2024-01-30 09:00:00,P004,Food,131.02,16,53,North,4.5
2024-01-30 10:00:00,P005,Food,454.06,19,54,East,3.9
2024-01-30 11:00:00,P003,Books,132.28,16,43,West,2.2
2024-01-30 12:00:00,P001,Electronics,143.26,7,39,North,3.4
2024-01-30 13:00:00,P001,Electronics,382.11,14,21,South,1.8
2024-01-30 14:00:00,P005,Food,230.37,14,48,East,4.6
2024-01-30 15:00:00,P005,Electronics,390.59,4,35,South,1.5
2024-01-30 16:00:00,P002,Electronics,42.03,15,55,South,1.0
2024-01-30 17:00:00,P003,Electronics,248.91,3,41,West,3.0
2024-01-30 18:00:00,P003,Clothing,26.47,5,73,West,3.3
2024-01-30 19:00:00,P004,Books,40.7,1,40,West,3.3
2024-01-30 20:00:00,P002,Food,454.15,3,39,East,1.2
2024-01-30 21:00:00,P002,Food,78.23,15,19,South,2.3
2024-01-30 22:00:00,P002,Clothing,270.89,8,48,East,3.0
2024-01-30 23:00:00,P002,Books,211.44,4,72,West,1.9
2024-01-31 00:00:00,P003,Food,180.2,2,28,South,4.5
2024-01-31 01:00:00,P003,Electronics,450.92,10,45,East,1.3
2024-01-31 02:00:00,P002,Food,20.69,4,63,East,2.9
2024-01-31 03:00:00,P004,Electronics,335.26,3,49,North,3.8
2024-01-31 04:00:00,P001,Clothing,482.06,2,22,East,2.0
2024-01-31 05:00:00,P001,Electronics,284.48,17,55,West,3.5
2024-01-31 06:00:00,P004,Food,469.04,13,27,East,4.3
2024-01-31 07:00:00,P002,Food,35.61,5,57,South,1.8
2024-01-31 08:00:00,P003,Food,215.21,9,63,East,4.7
2024-01-31 09:00:00,P001,Clothing,137.48,6,41,North,3.2
2024-01-31 10:00:00,P005,Clothing,368.1,5,52,South,2.2
2024-01-31 11:00:00,P005,Books,490.84,10,61,South,2.7
2024-01-31 12:00:00,P004,Food,135.7,8,65,North,2.2
2024-01-31 13:00:00,P002,Electronics,330.55,7,40,West,3.9
2024-01-31 14:00:00,P001,Clothing,107.07,7,34,South,4.2
2024-01-31 15:00:00,P002,Food,287.01,6,18,West,4.3
2024-01-31 16:00:00,P001,Food,237.33,3,72,South,4.9
2024-01-31 17:00:00,P004,Clothing,486.28,19,48,South,4.2
2024-01-31 18:00:00,P004,Books,308.18,15,48,West,3.4
2024-01-31 19:00:00,P005,Clothing,181.26,4,59,South,2.4
2024-01-31 20:00:00,P002,Clothing,65.91,12,74,West,3.2
2024-01-31 21:00:00,P005,Electronics,84.11,6,72,North,1.2
2024-01-31 22:00:00,P002,Electronics,120.41,19,59,West,4.0
2024-01-31 23:00:00,P005,Books,132.97,4,70,North,2.8
2024-02-01 00:00:00,P003,Food,426.8,15,73,South,1.1
2024-02-01 01:00:00,P003,Clothing,285.0,9,51,West,1.3
2024-02-01 02:00:00,P003,Books,266.46,5,26,South,2.5
2024-02-01 03:00:00,P003,Electronics,66.24,13,39,West,3.3
2024-02-01 04:00:00,P001,Clothing,431.47,18,30,North,2.9
2024-02-01 05:00:00,P003,Food,364.18,5,42,North,3.5
2024-02-01 06:00:00,P004,Electronics,43.16,16,65,West,2.9
2024-02-01 07:00:00,P004,Electronics,356.84,19,35,North,3.6
2024-02-01 08:00:00,P001,Electronics,276.33,14,68,South,1.9
2024-02-01 09:00:00,P003,Books,50.05,16,29,South,1.5
2024-02-01 10:00:00,P003,Food,234.57,15,57,East,3.4
2024-02-01 11:00:00,P003,Clothing,247.5,4,34,North,2.9
2024-02-01 12:00:00,P005,Books,91.23,7,32,South,1.1
2024-02-01 13:00:00,P002,Books,473.39,16,59,West,2.5
2024-02-01 14:00:00,P005,Books,426.49,8,32,North,1.4
2024-02-01 15:00:00,P002,Electronics,337.82,17,32,South,3.1
2024-02-01 16:00:00,P003,Food,236.52,16,72,North,2.6
2024-02-01 17:00:00,P003,Books,211.77,10,56,West,3.5
2024-02-01 18:00:00,P005,Clothing,328.98,10,30,South,4.2
2024-02-01 19:00:00,P005,Food,277.26,2,34,East,2.2
2024-02-01 20:00:00,P002,Clothing,40.51,9,49,East,4.8
2024-02-01 21:00:00,P004,Food,261.13,17,26,North,3.1
2024-02-01 22:00:00,P002,Clothing,405.14,11,57,West,3.5
2024-02-01 23:00:00,P005,Electronics,235.03,10,37,South,3.7
2024-02-02 00:00:00,P005,Books,35.46,17,43,West,3.7
2024-02-02 01:00:00,P001,Clothing,395.28,4,44,South,3.0
2024-02-02 02:00:00,P005,Food,108.67,16,38,North,2.7
2024-02-02 03:00:00,P001,Books,136.72,15,35,South,1.2
2024-02-02 04:00:00,P004,Books,90.71,5,30,West,1.1
2024-02-02 05:00:00,P002,Food,171.81,6,33,West,2.4
2024-02-02 06:00:00,P002,Clothing,380.81,17,26,North,2.3
2024-02-02 07:00:00,P001,Electronics,264.5,1,29,West,2.6
2024-02-02 08:00:00,P002,Electronics,110.39,19,61,South,1.6
2024-02-02 09:00:00,P005,Clothing,440.14,4,55,North,4.0
2024-02-02 10:00:00,P003,Books,441.0,17,36,South,4.4
2024-02-02 11:00:00,P001,Books,436.58,9,24,West,4.8
2024-02-02 12:00:00,P002,Books,127.01,2,74,North,3.0
2024-02-02 13:00:00,P001,Books,231.11,8,52,South,3.8
2024-02-02 14:00:00,P001,Clothing,492.64,15,65,West,4.4
2024-02-02 15:00:00,P003,Books,388.29,7,35,West,2.7
2024-02-02 16:00:00,P005,Food,23.31,6,33,East,2.2
2024-02-02 17:00:00,P001,Books,41.95,1,72,West,4.7
2024-02-02 18:00:00,P002,Electronics,237.33,15,56,South,3.1
2024-02-02 19:00:00,P004,Books,455.52,7,21,North,3.0
2024-02-02 20:00:00,P001,Clothing,273.96,17,42,East,1.7
2024-02-02 21:00:00,P001,Electronics,253.93,2,49,West,1.4
2024-02-02 22:00:00,P003,Clothing,61.68,9,57,West,4.4
2024-02-02 23:00:00,P005,Clothing,331.82,9,30,West,3.5
2024-02-03 00:00:00,P004,Electronics,412.83,13,62,South,2.3
2024-02-03 01:00:00,P002,Clothing,196.41,6,34,East,1.8
2024-02-03 02:00:00,P004,Clothing,390.05,6,66,South,3.2
2024-02-03 03:00:00,P002,Books,482.59,3,54,East,3.3
2024-02-03 04:00:00,P005,Food,109.85,17,23,North,1.8
2024-02-03 05:00:00,P002,Clothing,266.43,17,36,South,4.4
2024-02-03 06:00:00,P003,Clothing,150.7,12,30,South,1.3
2024-02-03 07:00:00,P003,Clothing,398.5,16,74,North,2.4
2024-02-03 08:00:00,P003,Books,293.02,15,43,East,3.7
2024-02-03 09:00:00,P003,Food,320.95,13,31,West,2.1
2024-02-03 10:00:00,P004,Electronics,400.98,1,48,North,4.3
2024-02-03 11:00:00,P005,Books,204.03,17,71,West,4.0
2024-02-03 12:00:00,P002,Books,458.39,3,21,West,4.2
2024-02-03 13:00:00,P002,Food,271.18,15,56,North,1.5
2024-02-03 14:00:00,P003,Food,87.4,4,25,East,1.6
2024-02-03 15:00:00,P003,Books,350.99,4,42,West,2.1
2024-02-03 16:00:00,P001,Electronics,398.7,18,30,North,3.1
2024-02-03 17:00:00,P005,Books,165.21,17,49,South,4.0
2024-02-03 18:00:00,P004,Food,430.02,19,55,South,4.3
2024-02-03 19:00:00,P002,Electronics,454.01,11,55,South,3.8
2024-02-03 20:00:00,P001,Food,145.68,3,73,North,4.7
2024-02-03 21:00:00,P001,Electronics,491.93,8,45,South,4.0
2024-02-03 22:00:00,P002,Clothing,78.95,14,70,West,2.2
2024-02-03 23:00:00,P004,Food,108.99,1,47,South,2.1
2024-02-04 00:00:00,P001,Food,100.27,14,20,South,3.8
2024-02-04 01:00:00,P001,Books,448.05,2,45,West,1.8
2024-02-04 02:00:00,P005,Food,330.6,4,20,South,1.4
2024-02-04 03:00:00,P004,Food,84.53,19,62,West,3.1
2024-02-04 04:00:00,P001,Clothing,225.76,6,71,South,4.3
2024-02-04 05:00:00,P004,Food,311.5,1,51,West,1.4
2024-02-04 06:00:00,P002,Clothing,50.9,17,33,South,4.2
2024-02-04 07:00:00,P003,Clothing,442.38,8,39,West,4.2
2024-02-04 08:00:00,P001,Clothing,403.77,19,49,North,2.9
2024-02-04 09:00:00,P005,Clothing,257.55,1,55,West,1.2
2024-02-04 10:00:00,P002,Electronics,483.89,5,25,South,1.7
2024-02-04 11:00:00,P004,Books,214.7,16,72,South,3.8
2024-02-04 12:00:00,P002,Electronics,492.21,6,25,East,3.8
2024-02-04 13:00:00,P001,Food,337.28,8,74,West,4.6
2024-02-04 14:00:00,P004,Electronics,320.99,13,23,North,3.3
2024-02-04 15:00:00,P003,Electronics,91.32,16,31,West,1.5
2024-02-04 16:00:00,P002,Food,442.14,3,49,West,1.5
2024-02-04 17:00:00,P001,Food,219.47,19,52,North,3.9
2024-02-04 18:00:00,P005,Food,89.49,12,27,West,1.7
2024-02-04 19:00:00,P004,Electronics,16.18,16,20,North,2.3
2024-02-04 20:00:00,P002,Electronics,284.28,11,29,North,2.9
2024-02-04 21:00:00,P002,Food,268.43,10,66,West,1.1
2024-02-04 22:00:00,P003,Books,362.48,4,48,West,2.0
2024-02-04 23:00:00,P003,Books,446.23,12,46,South,2.6
2024-02-05 00:00:00,P005,Clothing,48.91,2,22,South,2.1
2024-02-05 01:00:00,P005,Food,368.43,19,69,East,1.5
2024-02-05 02:00:00,P001,Clothing,101.83,5,42,East,3.9
2024-02-05 03:00:00,P001,Books,430.51,8,58,West,4.3
2024-02-05 04:00:00,P005,Clothing,411.34,7,48,North,2.0
2024-02-05 05:00:00,P005,Food,274.99,14,38,East,4.1
2024-02-05 06:00:00,P004,Food,358.02,3,37,West,2.5
2024-02-05 07:00:00,P003,Food,164.03,18,56,East,3.0
2024-02-05 08:00:00,P001,Electronics,240.87,16,39,North,4.4
2024-02-05 09:00:00,P003,Clothing,412.6,19,21,West,4.0
2024-02-05 10:00:00,P003,Books,235.04,19,30,North,4.2
2024-02-05 11:00:00,P005,Books,185.32,18,62,West,1.5
2024-02-05 12:00:00,P004,Books,252.16,16,59,East,1.3
2024-02-05 13:00:00,P002,Electronics,415.84,8,67,South,4.6
2024-02-05 14:00:00,P004,Electronics,174.25,1,66,East,2.6
2024-02-05 15:00:00,P004,Food,95.14,17,37,East,2.2
2024-02-05 16:00:00,P003,Books,358.89,12,69,South,3.9
2024-02-05 17:00:00,P004,Electronics,414.73,11,30,South,4.3
2024-02-05 18:00:00,P001,Food,59.31,5,34,West,4.4
2024-02-05 19:00:00,P003,Books,127.54,12,71,West,2.3
2024-02-05 20:00:00,P001,Clothing,79.57,17,53,North,4.4
2024-02-05 21:00:00,P002,Food,180.49,6,50,North,1.2
2024-02-05 22:00:00,P003,Electronics,230.67,1,18,East,1.2
2024-02-05 23:00:00,P002,Electronics,376.92,5,32,South,3.5
2024-02-06 00:00:00,P003,Food,329.06,14,30,North,1.3
2024-02-06 01:00:00,P005,Food,314.25,5,34,East,2.3
2024-02-06 02:00:00,P004,Electronics,182.66,1,41,South,3.7
2024-02-06 03:00:00,P005,Clothing,422.31,18,25,West,2.3
2024-02-06 04:00:00,P002,Books,240.93,16,67,East,1.7
2024-02-06 05:00:00,P004,Clothing,489.76,9,44,West,2.1
2024-02-06 06:00:00,P003,Food,320.73,19,62,North,2.8
2024-02-06 07:00:00,P004,Clothing,71.87,5,40,North,2.9
2024-02-06 08:00:00,P001,Electronics,341.33,2,63,South,4.1
2024-02-06 09:00:00,P004,Food,169.3,15,25,East,4.0
2024-02-06 10:00:00,P001,Books,346.3,7,25,West,2.8
2024-02-06 11:00:00,P004,Electronics,44.12,4,43,South,4.4
2024-02-06 12:00:00,P001,Electronics,95.69,1,64,North,1.5
2024-02-06 13:00:00,P002,Books,429.31,13,30,North,2.0
2024-02-06 14:00:00,P005,Books,121.32,7,56,East,4.3
2024-02-06 15:00:00,P003,Clothing,420.15,15,54,West,2.5
2024-02-06 16:00:00,P004,Food,146.85,14,66,East,4.9
2024-02-06 17:00:00,P005,Books,325.01,19,45,West,2.9
2024-02-06 18:00:00,P003,Books,350.13,18,42,West,4.2
2024-02-06 19:00:00,P003,Food,261.2,10,33,East,2.6
2024-02-06 20:00:00,P001,Books,159.6,9,72,South,2.7
2024-02-06 21:00:00,P002,Books,114.2,8,19,East,2.5
2024-02-06 22:00:00,P002,Clothing,26.26,10,71,East,3.9
2024-02-06 23:00:00,P005,Electronics,158.93,17,35,North,3.2
2024-02-07 00:00:00,P002,Electronics,330.05,2,34,North,4.8
2024-02-07 01:00:00,P004,Electronics,469.77,6,47,East,2.0
2024-02-07 02:00:00,P002,Electronics,436.89,5,56,East,1.4
2024-02-07 03:00:00,P005,Books,385.37,9,30,North,2.6
2024-02-07 04:00:00,P002,Food,396.34,5,49,West,3.5
2024-02-07 05:00:00,P004,Food,335.84,18,67,East,4.4
2024-02-07 06:00:00,P001,Clothing,137.54,9,46,South,2.4
2024-02-07 07:00:00,P005,Clothing,454.53,17,63,South,3.6
2024-02-07 08:00:00,P001,Books,338.66,17,47,South,2.4
2024-02-07 09:00:00,P001,Food,284.62,12,35,East,3.5
2024-02-07 10:00:00,P001,Food,64.38,7,30,West,4.5
2024-02-07 11:00:00,P003,Electronics,229.06,3,60,West,1.9
2024-02-07 12:00:00,P003,Books,235.58,10,38,North,2.6
2024-02-07 13:00:00,P001,Books,433.64,2,47,East,5.0
2024-02-07 14:00:00,P005,Electronics,277.86,3,38,West,4.5
2024-02-07 15:00:00,P004,Books,196.4,16,65,East,3.3
2024-02-07 16:00:00,P004,Books,488.63,2,72,North,3.1
2024-02-07 17:00:00,P002,Clothing,64.25,10,34,North,2.1
2024-02-07 18:00:00,P005,Food,217.05,6,57,North,3.1
2024-02-07 19:00:00,P003,Books,30.59,11,36,South,4.4
2024-02-07 20:00:00,P001,Clothing,372.55,7,69,East,3.7
2024-02-07 21:00:00,P002,Food,459.86,15,32,North,2.2
2024-02-07 22:00:00,P004,Electronics,147.22,6,26,East,1.8
2024-02-07 23:00:00,P003,Clothing,430.59,9,69,South,2.1
2024-02-08 00:00:00,P003,Clothing,153.19,12,27,South,1.7
2024-02-08 01:00:00,P001,Food,456.28,19,61,North,1.4
2024-02-08 02:00:00,P004,Electronics,379.44,3,48,North,2.7
2024-02-08 03:00:00,P005,Clothing,404.4,15,70,West,1.5
2024-02-08 04:00:00,P003,Books,18.82,2,40,East,1.7
2024-02-08 05:00:00,P001,Books,481.78,2,69,North,3.2
2024-02-08 06:00:00,P005,Books,366.07,3,47,West,1.7
2024-02-08 07:00:00,P004,Electronics,159.33,6,50,East,1.3
2024-02-08 08:00:00,P003,Clothing,416.4,15,74,North,2.3
2024-02-08 09:00:00,P005,Books,147.95,10,69,West,1.9
2024-02-08 10:00:00,P005,Electronics,437.65,9,26,West,3.1
2024-02-08 11:00:00,P005,Books,65.16,1,71,East,1.4
2024-02-08 12:00:00,P003,Food,354.81,16,64,West,4.0
2024-02-08 13:00:00,P003,Clothing,274.94,6,18,East,4.6
2024-02-08 14:00:00,P002,Clothing,57.3,9,61,East,4.0
2024-02-08 15:00:00,P004,Electronics,128.53,4,52,East,3.1
2024-02-08 16:00:00,P001,Electronics,16.08,2,28,South,4.4
2024-02-08 17:00:00,P005,Clothing,239.7,4,51,West,3.8
2024-02-08 18:00:00,P002,Books,157.62,1,33,East,1.0
2024-02-08 19:00:00,P001,Books,303.2,19,26,North,2.6
2024-02-08 20:00:00,P002,Food,155.65,10,49,South,4.4
2024-02-08 21:00:00,P003,Books,156.96,15,32,South,2.4
2024-02-08 22:00:00,P005,Electronics,374.16,19,29,West,1.1
2024-02-08 23:00:00,P001,Electronics,33.59,16,50,East,4.0
2024-02-09 00:00:00,P001,Books,452.42,4,62,West,4.2
2024-02-09 01:00:00,P001,Electronics,427.61,2,31,South,1.6
2024-02-09 02:00:00,P001,Clothing,337.22,13,74,East,3.1
2024-02-09 03:00:00,P001,Clothing,300.68,1,74,North,1.8
2024-02-09 04:00:00,P002,Books,447.23,17,25,East,3.9
2024-02-09 05:00:00,P005,Clothing,100.81,13,25,South,2.1
2024-02-09 06:00:00,P003,Clothing,48.69,4,44,North,2.3
2024-02-09 07:00:00,P003,Food,127.36,7,29,East,4.4
2024-02-09 08:00:00,P003,Food,399.34,17,18,North,2.9
2024-02-09 09:00:00,P003,Clothing,26.99,9,60,North,3.7
2024-02-09 10:00:00,P002,Books,295.58,4,57,South,2.6
2024-02-09 11:00:00,P004,Food,497.76,19,59,North,2.2
2024-02-09 12:00:00,P005,Electronics,429.29,1,68,West,3.5
2024-02-09 13:00:00,P001,Electronics,265.51,10,28,South,1.6
2024-02-09 14:00:00,P004,Electronics,41.18,4,56,West,2.5
2024-02-09 15:00:00,P003,Books,417.37,9,60,North,1.8
2024-02-09 16:00:00,P004,Clothing,303.5,13,48,West,3.8
2024-02-09 17:00:00,P005,Electronics,66.32,14,34,East,4.8
2024-02-09 18:00:00,P001,Books,55.99,10,50,North,5.0
2024-02-09 19:00:00,P001,Food,455.72,6,49,East,2.8
2024-02-09 20:00:00,P005,Clothing,337.91,16,46,West,2.0
2024-02-09 21:00:00,P005,Food,416.35,6,38,East,2.8
2024-02-09 22:00:00,P003,Books,440.7,17,38,North,4.4
2024-02-09 23:00:00,P001,Electronics,290.17,10,57,East,1.8
2024-02-10 00:00:00,P004,Electronics,263.55,18,40,West,4.8
2024-02-10 01:00:00,P002,Books,220.91,18,73,West,2.4
2024-02-10 02:00:00,P002,Electronics,165.3,3,23,West,4.9
2024-02-10 03:00:00,P005,Clothing,222.95,15,39,North,4.4
2024-02-10 04:00:00,P003,Books,389.2,15,67,West,4.2
2024-02-10 05:00:00,P002,Food,304.94,4,55,North,2.3
2024-02-10 06:00:00,P001,Books,447.34,9,54,East,1.0
2024-02-10 07:00:00,P005,Clothing,227.26,19,62,West,2.5
2024-02-10 08:00:00,P004,Clothing,307.47,17,68,East,2.2
2024-02-10 09:00:00,P005,Books,319.34,11,71,South,1.1
2024-02-10 10:00:00,P004,Books,299.93,9,25,East,3.0
2024-02-10 11:00:00,P005,Electronics,354.29,10,58,South,2.6
2024-02-10 12:00:00,P005,Clothing,126.34,18,66,East,3.5
2024-02-10 13:00:00,P005,Books,261.06,13,52,North,3.5
2024-02-10 14:00:00,P004,Books,61.07,8,68,East,1.5
2024-02-10 15:00:00,P004,Clothing,198.41,7,28,North,4.9
2024-02-10 16:00:00,P005,Books,248.96,17,41,North,1.7
2024-02-10 17:00:00,P002,Electronics,329.59,15,66,West,2.8
2024-02-10 18:00:00,P003,Clothing,475.76,15,38,North,3.0
2024-02-10 19:00:00,P003,Electronics,304.32,1,68,South,4.3
2024-02-10 20:00:00,P003,Electronics,374.36,14,19,West,1.4
2024-02-10 21:00:00,P004,Electronics,258.07,5,57,West,2.7
2024-02-10 22:00:00,P004,Electronics,320.71,11,36,East,3.5
2024-02-10 23:00:00,P002,Clothing,44.76,16,56,North,1.9
2024-02-11 00:00:00,P003,Electronics,134.65,2,45,North,3.5
2024-02-11 01:00:00,P003,Electronics,187.31,8,34,South,4.7
2024-02-11 02:00:00,P005,Books,241.52,11,23,East,5.0
2024-02-11 03:00:00,P004,Clothing,32.37,18,36,East,1.1
2024-02-11 04:00:00,P003,Clothing,78.61,3,73,West,1.9
2024-02-11 05:00:00,P002,Food,145.64,1,55,West,2.2
2024-02-11 06:00:00,P002,Clothing,486.05,11,45,West,2.6
2024-02-11 07:00:00,P003,Clothing,172.36,16,19,South,2.0
2024-02-11 08:00:00,P004,Food,246.2,18,55,South,1.8
2024-02-11 09:00:00,P002,Clothing,106.09,16,72,West,4.8
2024-02-11 10:00:00,P005,Clothing,309.28,10,54,East,4.7
2024-02-11 11:00:00,P002,Clothing,147.53,18,68,South,1.2
2024-02-11 12:00:00,P001,Clothing,111.43,6,69,East,2.4
2024-02-11 13:00:00,P001,Food,263.12,19,21,East,2.6
2024-02-11 14:00:00,P004,Clothing,12.7,4,39,North,2.0
2024-02-11 15:00:00,P003,Clothing,13.76,13,43,West,3.5
